election_id,prov_code,ed_id,ed_name,Bloc,Con,Grn,Lib,NDP,Other,1st,2nd,3rd
41,AB,48001,"Fort McMurray--Athabasca",,21988,1374,3190,4053,,Con,NDP,Lib
41,AB,48002,"Calgary East",,23372,2047,4102,4894,246,Con,NDP,Lib
41,AB,48003,"Calgary Centre-North",,28443,6578,7046,8048,203,Con,NDP,Lib
41,AB,48004,"Calgary Northeast",,23550,1953,11487,4262,206,Con,Lib,NDP
41,AB,48005,"Calgary--Nose Hill",,40384,3480,6501,7189,,Con,NDP,Lib
41,AB,48006,"Calgary Centre",,28401,4889,8631,7314,,Con,Lib,NDP
41,AB,48007,"Calgary Southeast",,48173,4079,4020,6482,418,Con,NDP,Grn
41,AB,48008,"Calgary Southwest",,42998,2991,4121,6823,303,Con,NDP,Lib
41,AB,48009,"Calgary West",,39996,6070,11374,6679,227,Con,Lib,NDP
41,AB,48010,"Crowfoot",,44115,1711,1224,4805,667,Con,NDP,Grn
41,AB,48011,"Edmonton--Mill Woods--Beaumont",,27857,1364,5066,10875,474,Con,NDP,Lib
41,AB,48012,"Edmonton Centre",,23625,1676,11037,12480,370,Con,NDP,Lib
41,AB,48013,"Edmonton East",,24111,1345,3176,17078,,Con,NDP,Lib
41,AB,48014,"Edmonton--Leduc",,37778,2896,7270,11488,,Con,NDP,Lib
41,AB,48015,"Edmonton--St. Albert",,34468,2409,5796,11644,,Con,NDP,Lib
41,AB,48016,"Edmonton--Sherwood Park",,24623,1926,4131,7971,16485,Con,Other,NDP
41,AB,48017,"Edmonton--Spruce Grove",,41782,2232,5483,9272,,Con,NDP,Lib
41,AB,48018,"Edmonton--Strathcona",,19762,1119,1372,26093,384,NDP,Con,Lib
41,AB,48019,"Lethbridge",,27173,2095,4030,13072,1716,Con,NDP,Lib
41,AB,48020,"Macleod",,40007,2389,1898,5335,2006,Con,NDP,Grn
41,AB,48021,"Medicine Hat",,30719,1868,4416,5616,317,Con,NDP,Lib
41,AB,48022,"Peace River",,36334,1702,1481,7740,704,Con,NDP,Grn
41,AB,48023,"Red Deer",,37959,2551,1918,7566,,Con,NDP,Grn
41,AB,48024,"Vegreville--Wainwright",,39145,2499,1525,5561,327,Con,NDP,Grn
41,AB,48025,"Westlock--St. Paul",,32652,1634,2569,5103,,Con,NDP,Lib
41,AB,48026,"Wetaskiwin",,37756,1978,1348,5281,,Con,NDP,Grn
41,AB,48027,"Wild Rose",,43669,4071,3908,6595,181,Con,NDP,Grn
41,AB,48028,"Yellowhead",,31925,2132,1190,5411,788,Con,NDP,Grn
41,BC,59001,"Abbotsford",,32493,2138,4968,10089,286,Con,NDP,Lib
41,BC,59002,"Burnaby--Douglas",,19932,1754,5451,20943,630,NDP,Con,Lib
41,BC,59003,"Burnaby--New Westminster",,16009,1731,4496,22193,254,NDP,Con,Lib
41,BC,59004,"Cariboo--Prince George",,24443,2702,2200,13135,1038,Con,NDP,Grn
41,BC,59005,"Chilliwack--Fraser Canyon",,28160,2706,5320,12691,353,Con,NDP,Lib
41,BC,59006,"Delta--Richmond East",,26059,2324,8112,11181,367,Con,NDP,Lib
41,BC,59007,"Pitt Meadows--Maple Ridge--Mission",,28803,2629,2739,18835,,Con,NDP,Lib
41,BC,59008,"Esquimalt--Juan de Fuca",,25792,5341,6439,26198,326,NDP,Con,Lib
41,BC,59009,"Fleetwood--Port Kells",,23950,1476,8041,16533,370,Con,NDP,Lib
41,BC,59010,"Kamloops--Thompson--Cariboo",,29682,2932,3026,20983,191,Con,NDP,Lib
41,BC,59011,"Kelowna--Lake Country",,34566,5265,7069,13322,,Con,NDP,Lib
41,BC,59012,"Kootenay--Columbia",,23910,2547,1496,14199,636,Con,NDP,Grn
41,BC,59013,"Langley",,35569,2943,4990,11277,353,Con,NDP,Lib
41,BC,59014,"Nanaimo--Alberni",,30469,4482,4984,25165,538,Con,NDP,Lib
41,BC,59015,"Nanaimo--Cowichan",,24497,5005,3007,31272,170,NDP,Con,Grn
41,BC,59016,"Newton--North Delta",,14437,1520,14510,15413,239,NDP,Lib,Con
41,BC,59017,"New Westminster--Coquitlam",,20776,2160,4069,23023,95,NDP,Con,Lib
41,BC,59018,"Okanagan--Shuswap",,31439,6058,4246,14955,,Con,NDP,Grn
41,BC,59019,"North Vancouver",,28996,3004,17665,9617,350,Con,Lib,NDP
41,BC,59020,"Okanagan--Coquihalla",,28525,5005,5815,12853,1040,Con,NDP,Lib
41,BC,59021,"Port Moody--Westwood--Port Coquitlam",,27181,2161,4110,14600,421,Con,NDP,Lib
41,BC,59022,"Prince George--Peace River",,23946,2301,2008,9876,415,Con,NDP,Grn
41,BC,59023,"Richmond",,25109,2032,8027,7860,,Con,Lib,NDP
41,BC,59024,"Saanich--Gulf Islands",,24544,31890,4208,8185,,Grn,Con,NDP
41,BC,59025,"Skeena--Bulkley Valley",,12117,1102,1268,19431,1203,NDP,Con,Lib
41,BC,59026,"British Columbia Southern Interior",,19273,3153,1872,25206,,NDP,Con,Grn
41,BC,59027,"South Surrey--White Rock--Cloverdale",,31990,3245,9775,11881,1751,Con,NDP,Lib
41,BC,59028,"Surrey North",,13181,1289,6797,14678,1038,NDP,Con,Lib
41,BC,59029,"Vancouver Centre",,15323,9089,18260,15325,852,Lib,NDP,Con
41,BC,59030,"Vancouver East",,8361,3383,4382,27794,318,NDP,Con,Lib
41,BC,59031,"Vancouver Island North",,27206,3018,3039,25379,361,Con,NDP,Lib
41,BC,59032,"Vancouver Kingsway",,13157,1860,7796,23452,563,NDP,Con,Lib
41,BC,59033,"Vancouver Quadra",,20984,2922,22903,7499,,Lib,Con,NDP
41,BC,59034,"Vancouver South",,19504,1151,15604,8552,222,Con,Lib,NDP
41,BC,59035,"Victoria",,14275,7015,8448,30679,,NDP,Con,Lib
41,BC,59036,"West Vancouver--Sunshine Coast--Sea to Sky Country",,28614,4436,14123,14828,850,Con,NDP,Lib
41,MB,46001,"Brandon--Souris",,22386,2012,1882,8845,,Con,NDP,Grn
41,MB,46002,"Charleswood--St. James--Assiniboia",,23264,1587,7433,8134,,Con,NDP,Lib
41,MB,46003,"Churchill",,5256,471,4087,10262,,NDP,Con,Lib
41,MB,46004,"Dauphin--Swan River--Marquette",,18543,1243,1947,7657,,Con,NDP,Lib
41,MB,46005,"Elmwood--Transcona",,15298,1017,1660,14998,,Con,NDP,Lib
41,MB,46006,"Kildonan--St. Paul",,22670,1020,3199,11727,363,Con,NDP,Lib
41,MB,46007,"Portage--Lisgar",,26899,1996,2221,3478,805,Con,NDP,Lib
41,MB,46008,"Provencher",,27820,1164,2645,7051,725,Con,NDP,Lib
41,MB,46009,"Saint Boniface",,21737,1245,13314,6935,,Con,Lib,NDP
41,MB,46010,"Selkirk--Interlake",,26848,1423,1980,10933,,Con,NDP,Lib
41,MB,46011,"Winnipeg Centre",,7173,1830,2872,13928,152,NDP,Con,Lib
41,MB,46012,"Winnipeg North",,6701,458,9097,9053,118,Lib,NDP,Con
41,MB,46013,"Winnipeg South",,22840,889,14296,5693,,Con,Lib,NDP
41,MB,46014,"Winnipeg South Centre",,15506,1383,14784,7945,321,Con,Lib,NDP
41,NB,13001,"Acadie--Bathurst",,7456,,6491,32067,,NDP,Con,Lib
41,NB,13002,"Beauséjour",,14811,1913,17399,10397,,Lib,Con,NDP
41,NB,13003,"Fredericton",,21573,1790,10336,10626,266,Con,NDP,Lib
41,NB,13004,"Fundy Royal",,21206,1757,3668,9845,,Con,NDP,Lib
41,NB,13005,"Madawaska--Restigouche",,14224,612,12309,6562,1290,Con,Lib,NDP
41,NB,13006,"Miramichi",,16112,735,6800,7097,,Con,NDP,Lib
41,NB,13007,"Moncton--Riverview--Dieppe",,17408,2016,15247,14053,,Con,Lib,NDP
41,NB,13008,"New Brunswick Southwest",,18066,1646,4320,7413,450,Con,NDP,Lib
41,NB,13009,"Saint John",,18456,1017,5964,11382,294,Con,NDP,Lib
41,NB,13010,"Tobique--Mactaquac",,21108,831,5337,6388,,Con,NDP,Lib
41,NL,10001,"Avalon",,14749,218,16008,5157,276,Lib,Con,NDP
41,NL,10002,"Bonavista--Gander--Grand Falls--Windsor",,8595,279,17977,4306,,Lib,Con,NDP
41,NL,10003,"Humber--St. Barbe--Baie Verte",,7559,253,17119,4751,332,Lib,Con,NDP
41,NL,10004,"Labrador",,4256,139,4177,2120,,Con,Lib,NDP
41,NL,10005,"Random--Burin--St. George's",,8322,307,12914,4465,,Lib,Con,NDP
41,NL,10006,"St. John's East",,9198,467,3019,31388,,NDP,Con,Lib
41,NL,10007,"St. John's South--Mount Pearl",,8883,291,11130,18681,,NDP,Lib,Con
41,NS,12001,"Cape Breton--Canso",,10873,1141,16478,6984,,Lib,Con,NDP
41,NS,12002,"Central Nova",,21593,1406,5614,9412,,Con,NDP,Lib
41,NS,12003,"Dartmouth--Cole Harbour",,10702,1662,15181,15678,,NDP,Lib,Con
41,NS,12004,"Halifax",,8276,2020,11793,23746,152,NDP,Lib,Con
41,NS,12005,"Halifax West",,13782,1931,16230,13239,,Lib,Con,NDP
41,NS,12006,"Kings--Hants",,14714,1520,15887,8043,,Lib,Con,NDP
41,NS,12007,"Cumberland--Colchester--Musquodoboit Valley",,21041,2109,7264,9322,375,Con,NDP,Lib
41,NS,12008,"Sackville--Eastern Shore",,12662,1762,4673,22483,,NDP,Con,Lib
41,NS,12009,"South Shore--St. Margaret's",,17948,1579,7037,15033,,Con,NDP,Lib
41,NS,12010,"Sydney--Victoria",,14023,1191,14788,7049,,Lib,Con,NDP
41,NS,12011,"West Nova",,20204,1487,15632,5631,,Con,Lib,NDP
41,NT,61001,"Western Arctic",,5001,477,2872,7140,87,NDP,Con,Lib
41,NU,62001,"Nunavut",,3930,160,2260,1525,,Con,Lib,NDP
41,ON,35001,"Ajax--Pickering",,24797,1561,21569,8270,71,Con,Lib,NDP
41,ON,35002,"Algoma--Manitoulin--Kapuskasing",,10991,1130,5374,18747,,NDP,Con,Lib
41,ON,35003,"Ancaster--Dundas--Flamborough--Westdale",,30240,2963,14594,10956,247,Con,Lib,NDP
41,ON,35004,"Barrie",,32121,3266,9113,11842,309,Con,NDP,Lib
41,ON,35005,"Beaches--East York",,11067,2240,14967,20265,130,NDP,Lib,Con
41,ON,35006,"Bramalea--Gore--Malton",,19907,1748,16402,19368,371,Con,NDP,Lib
41,ON,35007,"Brampton--Springdale",,24618,1926,14221,10022,219,Con,Lib,NDP
41,ON,35008,"Brampton West",,28320,1224,22128,11225,387,Con,Lib,NDP
41,ON,35009,"Brant",,28045,1858,10780,16351,312,Con,NDP,Lib
41,ON,35010,"Burlington",,32958,2151,14154,11449,140,Con,Lib,NDP
41,ON,35011,"Cambridge",,29394,1978,8285,15238,153,Con,NDP,Lib
41,ON,35012,"Carleton--Mississippi Mills",,43723,3434,18393,11223,,Con,Lib,NDP
41,ON,35013,"Chatham-Kent--Essex",,23360,1470,7172,11449,,Con,NDP,Lib
41,ON,35014,"Durham",,31737,3134,10387,12277,649,Con,NDP,Lib
41,ON,35015,"Davenport",,5573,1344,10946,21096,295,NDP,Lib,Con
41,ON,35016,"Don Valley East",,14422,1114,13552,9878,246,Con,Lib,NDP
41,ON,35017,"Don Valley West",,22962,1703,22351,6280,186,Con,Lib,NDP
41,ON,35018,"Dufferin--Caledon",,28647,7132,6361,6409,,Con,Grn,NDP
41,ON,35019,"Eglinton--Lawrence",,22652,1534,18590,5613,,Con,Lib,NDP
41,ON,35020,"Elgin--Middlesex--London",,29147,1529,6812,12439,722,Con,NDP,Lib
41,ON,35021,"Essex",,25327,1290,7465,18538,77,Con,NDP,Lib
41,ON,35022,"Etobicoke Centre",,21644,1377,21618,7735,149,Con,Lib,NDP
41,ON,35023,"Etobicoke--Lakeshore",,21997,2159,19128,11046,190,Con,Lib,NDP
41,ON,35024,"Etobicoke North",,10357,,13665,7630,583,Lib,Con,NDP
41,ON,35025,"Glengarry--Prescott--Russell",,28174,2049,17705,9608,194,Con,Lib,NDP
41,ON,35026,"Bruce--Grey--Owen Sound",,28744,5099,8203,9008,,Con,NDP,Lib
41,ON,35027,"Guelph",,19352,3619,25588,9880,582,Lib,Con,NDP
41,ON,35028,"Haldimand--Norfolk",,25655,1665,12549,10062,435,Con,Lib,NDP
41,ON,35029,"Haliburton--Kawartha Lakes--Brock",,35192,2963,7539,12934,,Con,NDP,Lib
41,ON,35030,"Halton",,44214,2778,20903,12960,249,Con,Lib,NDP
41,ON,35031,"Hamilton Centre",,11020,,5912,23849,1032,NDP,Con,Lib
41,ON,35032,"Hamilton East--Stoney Creek",,17567,1450,6411,21931,1178,NDP,Con,Lib
41,ON,35033,"Hamilton Mountain",,17936,1505,8787,25595,441,NDP,Con,Lib
41,ON,35034,"Huron--Bruce",,29255,1455,8784,13493,254,Con,NDP,Lib
41,ON,35035,"Kenora",,11567,636,5381,6855,147,Con,NDP,Lib
41,ON,35036,"Kingston and the Islands",,21189,2561,23842,13065,,Lib,Con,NDP
41,ON,35037,"Kitchener Centre",,21119,1972,15592,10742,384,Con,Lib,NDP
41,ON,35038,"Kitchener--Conestoga",,28902,2184,10653,11665,,Con,NDP,Lib
41,ON,35039,"Kitchener--Waterloo",,27039,3158,24895,10606,485,Con,Lib,NDP
41,ON,35040,"Lanark--Frontenac--Lennox and Addington",,33754,2702,9940,12174,370,Con,NDP,Lib
41,ON,35041,"Leeds--Grenville",,29991,2460,7839,9033,,Con,NDP,Lib
41,ON,35042,"London--Fanshawe",,14294,1202,4893,21689,535,NDP,Con,Lib
41,ON,35043,"London North Centre",,19468,2177,17803,12996,229,Con,Lib,NDP
41,ON,35044,"London West",,27675,1703,16652,16109,65,Con,Lib,NDP
41,ON,35045,"Markham--Unionville",,17734,1597,19429,10897,231,Lib,Con,NDP
41,ON,35046,"Lambton--Kent--Middlesex",,29546,1701,7264,12299,413,Con,NDP,Lib
41,ON,35047,"Mississauga--Brampton South",,23632,1044,18579,9465,127,Con,Lib,NDP
41,ON,35048,"Mississauga East--Cooksville",,18796,1032,18120,8836,241,Con,Lib,NDP
41,ON,35049,"Mississauga--Erindale",,29793,1694,21541,10327,99,Con,Lib,NDP
41,ON,35050,"Mississauga South",,22991,1532,18393,6354,194,Con,Lib,NDP
41,ON,35051,"Mississauga--Streetsville",,22104,1802,18651,7834,,Con,Lib,NDP
41,ON,35052,"Nepean--Carleton",,43477,3260,20146,12962,,Con,Lib,NDP
41,ON,35053,"Newmarket--Aurora",,31600,2628,13908,8886,1180,Con,Lib,NDP
41,ON,35054,"Niagara Falls",,28748,2086,10206,12681,259,Con,NDP,Lib
41,ON,35055,"Niagara West--Glanbrook",,33701,2530,8699,12734,1199,Con,NDP,Lib
41,ON,35056,"Nickel Belt",,12503,1252,6308,24566,59,NDP,Con,Lib
41,ON,35057,"Nipissing--Timiskaming",,15495,2518,15477,8781,,Con,Lib,NDP
41,ON,35058,"Northumberland--Quinte West",,32853,2733,12822,12626,,Con,Lib,NDP
41,ON,35059,"Oak Ridges--Markham",,46241,2349,25561,15229,1080,Con,Lib,NDP
41,ON,35060,"Oakville",,30068,2140,17890,8117,,Con,Lib,NDP
41,ON,35061,"Oshawa",,26034,1631,3536,19212,321,Con,NDP,Lib
41,ON,35062,"Ottawa Centre",,14063,3262,13049,33805,689,NDP,Con,Lib
41,ON,35063,"Ottawa--Orléans",,28584,1839,24649,9086,,Con,Lib,NDP
41,ON,35064,"Ottawa South",,19634,1787,25963,10712,895,Lib,Con,NDP
41,ON,35065,"Ottawa--Vanier",,14184,2716,20009,15391,122,Lib,NDP,Con
41,ON,35066,"Ottawa West--Nepean",,25226,2279,17790,11128,,Con,Lib,NDP
41,ON,35067,"Oxford",,27973,2058,4521,12164,776,Con,NDP,Lib
41,ON,35068,"Parkdale--High Park",,7924,1666,16757,24046,552,NDP,Lib,Con
41,ON,35069,"Parry Sound--Muskoka",,25864,3776,5330,11217,222,Con,NDP,Lib
41,ON,35070,"Perth--Wellington",,25281,2112,8341,9861,806,Con,NDP,Lib
41,ON,35071,"Peterborough",,29393,2105,12664,14723,293,Con,NDP,Lib
41,ON,35072,"Pickering--Scarborough East",,19220,1751,18013,8932,,Con,Lib,NDP
41,ON,35073,"Prince Edward--Hastings",,29062,1887,10230,12940,454,Con,NDP,Lib
41,ON,35074,"Renfrew--Nipissing--Pembroke",,27462,877,6545,6903,9611,Con,Other,NDP
41,ON,35075,"Richmond Hill",,22078,1832,17671,8433,,Con,Lib,NDP
41,ON,35076,"St. Catharines",,25571,1924,10358,11973,448,Con,NDP,Lib
41,ON,35077,"St. Paul's",,17864,2495,22409,12124,303,Lib,Con,NDP
41,ON,35078,"Sarnia--Lambton",,26112,1252,6931,14856,514,Con,NDP,Lib
41,ON,35079,"Sault Ste. Marie",,18328,945,8343,16467,149,Con,NDP,Lib
41,ON,35080,"Scarborough--Agincourt",,13930,946,18498,7376,,Lib,Con,NDP
41,ON,35081,"Scarborough Centre",,13498,998,12028,11443,,Con,Lib,NDP
41,ON,35082,"Scarborough--Guildwood",,13158,848,13849,10145,259,Lib,Con,NDP
41,ON,35083,"Scarborough--Rouge River",,13935,684,12699,18935,357,NDP,Con,Lib
41,ON,35084,"Scarborough Southwest",,12830,1635,11699,14119,,NDP,Con,Lib
41,ON,35085,"Simcoe--Grey",,31784,3482,8207,11185,9715,Con,NDP,Other
41,ON,35086,"Simcoe North",,31581,3489,11090,11515,322,Con,NDP,Lib
41,ON,35087,"Stormont--Dundas--South Glengarry",,29538,1038,8510,8313,151,Con,Lib,NDP
41,ON,35088,"Sudbury",,12881,1359,8172,22684,345,NDP,Con,Lib
41,ON,35089,"Thornhill",,36629,1562,14125,7141,215,Con,Lib,NDP
41,ON,35090,"Thunder Bay--Rainy River",,10097,909,8067,18085,,NDP,Con,Lib
41,ON,35091,"Thunder Bay--Superior North",,10894,1115,6117,18334,265,NDP,Con,Lib
41,ON,35092,"Timmins--James Bay",,10526,724,5230,16738,,NDP,Con,Lib
41,ON,35093,"Toronto Centre",,12604,2796,22832,16818,620,Lib,NDP,Con
41,ON,35094,"Toronto--Danforth",,6885,3107,8472,29235,387,NDP,Lib,Con
41,ON,35095,"Trinity--Spadina",,10976,2861,15276,35601,596,NDP,Lib,Con
41,ON,35096,"Vaughan",,38533,1515,20435,7940,,Con,Lib,NDP
41,ON,35097,"Welland",,20895,1297,7276,21917,539,NDP,Con,Lib
41,ON,35098,"Wellington--Halton Hills",,35132,3527,9034,7146,316,Con,Lib,NDP
41,ON,35099,"Whitby--Oshawa",,37525,3143,9066,14305,198,Con,NDP,Lib
41,ON,35100,"Willowdale",,22207,,21275,9777,,Con,Lib,NDP
41,ON,35101,"Windsor--Tecumseh",,14945,1354,5764,22235,242,NDP,Con,Lib
41,ON,35102,"Windsor West",,12577,1096,4327,21592,153,NDP,Con,Lib
41,ON,35103,"York Centre",,20356,979,13979,6656,,Con,Lib,NDP
41,ON,35104,"York--Simcoe",,33614,2851,5702,10190,509,Con,NDP,Lib
41,ON,35105,"York South--Weston",,8559,975,11542,14122,,NDP,Lib,Con
41,ON,35106,"York West",,6122,450,13030,7721,401,Lib,NDP,Con
41,PE,11001,"Cardigan",,8107,373,10486,2164,,Lib,Con,NDP
41,PE,11002,"Charlottetown",,6040,417,7292,4632,87,Lib,Con,NDP
41,PE,11003,"Egmont",,10467,320,5997,2369,,Con,Lib,NDP
41,PE,11004,"Malpeque",,7934,785,8605,2970,,Lib,Con,NDP
41,QC,24001,"Abitibi--Témiscamingue",15258,4777,694,2859,24763,,NDP,Bloc,Con
41,QC,24002,"Ahuntsic",14908,3770,620,13087,14200,299,Bloc,NDP,Lib
41,QC,24003,"Alfred-Pellan",12504,6157,798,12070,23098,245,NDP,Bloc,Lib
41,QC,24004,"Argenteuil--Papineau--Mirabel",16880,6497,1506,7135,25802,459,NDP,Bloc,Lib
41,QC,24005,"Beauce",3535,26799,852,5833,15831,,Con,NDP,Lib
41,QC,24006,"Beauharnois--Salaberry",18182,7049,1003,4559,23998,,NDP,Bloc,Con
41,QC,24007,"Beauport--Limoilou",10250,13845,950,3162,24306,246,NDP,Con,Bloc
41,QC,24008,"Berthier--Maskinongé",16668,7904,1196,8060,22403,373,NDP,Bloc,Lib
41,QC,24009,"Bourassa",6105,3354,613,15550,12270,121,Lib,NDP,Bloc
41,QC,24010,"Brome--Missisquoi",11173,6256,1120,11589,22407,,NDP,Lib,Bloc
41,QC,24011,"Brossard--La Prairie",10890,7806,900,16976,25512,110,NDP,Lib,Bloc
41,QC,24012,"Chambly--Borduas",19147,5425,1072,6165,29591,7843,NDP,Bloc,Other
41,QC,24013,"Charlesbourg--Haute-Saint-Charles",8732,16220,832,3505,24131,189,NDP,Con,Bloc
41,QC,24014,"Montmorency--Charlevoix--Haute-Côte-Nord",16425,9660,814,2628,17601,,NDP,Bloc,Con
41,QC,24015,"Châteauguay--Saint-Constant",14957,5756,923,5069,29156,162,NDP,Bloc,Con
41,QC,24016,"Chicoutimi--Le Fjord",14675,12881,780,2852,19430,340,NDP,Bloc,Con
41,QC,24017,"Compton--Stanstead",13179,5982,1241,6132,24097,,NDP,Bloc,Lib
41,QC,24018,"Drummond",10410,7555,987,3979,24489,,NDP,Bloc,Con
41,QC,24019,"Gaspésie--Îles-de-la-Madeleine",11650,6292,913,5533,12427,,NDP,Bloc,Con
41,QC,24020,"Gatineau",8619,4532,639,7975,35262,,NDP,Bloc,Lib
41,QC,24021,"Hochelaga",14451,3126,798,5064,22314,569,NDP,Bloc,Lib
41,QC,24022,"Honoré-Mercier",8935,5992,770,14641,17545,351,NDP,Lib,Bloc
41,QC,24023,"Hull--Aylmer",5019,6058,1125,12051,35194,,NDP,Lib,Con
41,QC,24024,"Jeanne-Le Ber",12635,4678,1377,10054,23293,121,NDP,Bloc,Lib
41,QC,24025,"Joliette",18804,5525,2227,3545,27050,,NDP,Bloc,Con
41,QC,24026,"Jonquière--Alma",9554,18569,652,1043,22900,,NDP,Con,Bloc
41,QC,24027,"Lac-Saint-Louis",1689,15394,2315,18457,16253,,Lib,NDP,Con
41,QC,24028,"La Pointe-de-l'Île",15475,3664,898,4369,23033,213,NDP,Bloc,Lib
41,QC,24029,"LaSalle--Émard",6151,5516,946,11172,17691,496,NDP,Lib,Bloc
41,QC,24030,"Laurentides--Labelle",17799,5246,1423,7169,24800,149,NDP,Bloc,Lib
41,QC,24031,"Laurier--Sainte-Marie",17991,1764,1324,4976,23373,685,NDP,Bloc,Lib
41,QC,24032,"Laval",11567,6366,1260,9422,22050,224,NDP,Bloc,Lib
41,QC,24033,"Laval--Les Îles",7022,8587,966,11108,25703,563,NDP,Lib,Con
41,QC,24034,"Lévis--Bellechasse",8757,25850,903,3421,19890,,Con,NDP,Bloc
41,QC,24035,"Longueuil--Pierre-Boucher",14181,4339,1032,5321,27119,228,NDP,Bloc,Lib
41,QC,24036,"Lotbinière--Chutes-de-la-Chaudière",8381,22460,936,2866,21683,,Con,NDP,Bloc
41,QC,24037,"Louis-Hébert",14640,13207,996,8110,23373,143,NDP,Bloc,Con
41,QC,24038,"Louis-Saint-Laurent",8148,21334,857,3612,22629,175,NDP,Con,Bloc
41,QC,24039,"Manicouagan",10495,3878,898,1882,16437,,NDP,Bloc,Con
41,QC,24040,"Marc-Aurèle-Fortin",15470,5768,1208,7035,29107,,NDP,Bloc,Lib
41,QC,24041,"Haute-Gaspésie--La Mitis--Matane--Matapédia",12633,5253,707,8964,7484,,Bloc,Lib,NDP
41,QC,24042,"Mégantic--L'Érable",7481,21931,655,2601,11716,250,Con,NDP,Bloc
41,QC,24043,"Montcalm",19609,5118,2347,3501,34434,,NDP,Bloc,Con
41,QC,24044,"Mount Royal",1136,13891,683,16151,6963,183,Lib,Con,NDP
41,QC,24045,"Notre-Dame-de-Grâce--Lachine",3983,6574,1914,14407,17943,338,NDP,Lib,Con
41,QC,24046,"Abitibi--Baie-James--Nunavik--Eeyou",5615,7089,1221,3282,13961,,NDP,Con,Bloc
41,QC,24047,"Outremont",3199,3408,838,9204,21906,303,NDP,Lib,Con
41,QC,24048,"Papineau",11091,2021,806,16429,12102,323,Lib,NDP,Bloc
41,QC,24049,"Pierrefonds--Dollard",2392,12901,1710,14632,16390,,NDP,Lib,Con
41,QC,24050,"Pontiac",4917,14441,849,6242,22376,124,NDP,Con,Lib
41,QC,24051,"Portneuf--Jacques-Cartier",10745,,1279,3463,22387,14594,NDP,Other,Bloc
41,QC,24052,"Québec",14684,9330,1144,4735,22393,228,NDP,Bloc,Con
41,QC,24053,"Repentigny",19242,4606,1078,4830,32131,,NDP,Bloc,Lib
41,QC,24054,"Bas-Richelieu--Nicolet--Bécancour",19046,6478,1479,5024,17705,,Bloc,NDP,Con
41,QC,24055,"Richmond--Arthabaska",18033,13145,1098,3711,17316,,Bloc,NDP,Con
41,QC,24056,"Rimouski-Neigette--Témiscouata--Les Basques",13170,6218,867,4101,18360,,NDP,Bloc,Con
41,QC,24057,"Rivière-des-Mille-Îles",14873,5057,1229,5300,25639,,NDP,Bloc,Lib
41,QC,24058,"Montmagny--L'Islet--Kamouraska--Rivière-du-Loup",9550,17276,691,2743,17285,,NDP,Con,Bloc
41,QC,24059,"Rivière-du-Nord",15105,4469,972,3400,29603,,NDP,Bloc,Con
41,QC,24060,"Roberval--Lac-Saint-Jean",8577,18438,553,1615,11182,,Con,NDP,Bloc
41,QC,24061,"Rosemont--La Petite-Patrie",17702,2328,899,4920,27484,557,NDP,Bloc,Lib
41,QC,24062,"Saint-Bruno--Saint-Hubert",15384,5887,1523,7423,24361,,NDP,Bloc,Lib
41,QC,24063,"Saint-Hyacinthe--Bagot",12651,8108,994,2784,26963,,NDP,Bloc,Con
41,QC,24064,"Saint-Jean",16023,5603,1326,4644,24943,,NDP,Bloc,Con
41,QC,24065,"Saint-Lambert",11353,4396,944,8463,18705,,NDP,Bloc,Lib
41,QC,24066,"Saint-Laurent--Cartierville",2981,7124,857,17726,11948,176,Lib,NDP,Con
41,QC,24067,"Saint-Léonard--Saint-Michel",3396,4991,657,15340,11720,162,Lib,NDP,Con
41,QC,24068,"Saint-Maurice--Champlain",13961,8447,972,5670,18628,,NDP,Bloc,Con
41,QC,24069,"Shefford",12615,7908,1022,4855,27575,,NDP,Bloc,Con
41,QC,24070,"Sherbrooke",18665,4784,894,5020,22415,233,NDP,Bloc,Lib
41,QC,24071,"Terrebonne--Blainville",17663,5236,1219,4893,28260,,NDP,Bloc,Con
41,QC,24072,"Trois-Rivières",11987,6205,972,3617,26981,602,NDP,Bloc,Con
41,QC,24073,"Vaudreuil-Soulanges",17781,11360,1864,8023,30177,,NDP,Bloc,Con
41,QC,24074,"Verchères--Les Patriotes",20593,4884,1259,5352,24514,,NDP,Bloc,Lib
41,QC,24075,"Westmount--Ville-Marie",2278,7218,1516,15346,14704,213,Lib,NDP,Con
41,SK,47001,"Battlefords--Lloydminster",,19203,785,950,7767,,Con,NDP,Lib
41,SK,47002,"Blackstrap",,23280,1033,2713,15769,,Con,NDP,Lib
41,SK,47003,"Desnethé--Missinippi--Churchill River",,10509,560,1144,9715,,Con,NDP,Lib
41,SK,47004,"Cypress Hills--Grasslands",,20555,788,1838,6248,,Con,NDP,Lib
41,SK,47005,"Palliser",,15850,995,1797,15084,,Con,NDP,Lib
41,SK,47006,"Prince Albert",,19214,666,1070,9841,116,Con,NDP,Lib
41,SK,47007,"Regina--Lumsden--Lake Centre",,18076,911,2467,12518,,Con,NDP,Lib
41,SK,47008,"Regina--Qu'Appelle",,15896,879,1400,11419,127,Con,NDP,Lib
41,SK,47009,"Saskatoon--Humboldt",,19954,926,3013,13271,682,Con,NDP,Lib
41,SK,47010,"Saskatoon--Rosetown--Biggar",,14652,626,697,14114,,Con,NDP,Lib
41,SK,47011,"Saskatoon--Wanuskewin",,21183,1250,2428,11395,,Con,NDP,Lib
41,SK,47012,"Souris--Moose Mountain",,21598,898,1236,5461,,Con,NDP,Lib
41,SK,47013,"Wascana",,14291,954,15823,7681,,Lib,Con,NDP
41,SK,47014,"Yorkton--Melville",,21906,774,2167,6931,,Con,NDP,Lib
41,YK,60001,"Yukon",,5422,3037,5290,2308,,Con,Lib,Grn
